Question,Answer
How can I improve my health?,"A healthy diet, regular exercise, sufficient sleep, stress management, and routine medical check-ups."
What is diabetes?,"A chronic condition where the body either does not produce enough insulin or cannot use it effectively, affecting blood sugar levels."
What is the treatment for flu?,"Rest, fluids, antiviral medications (if prescribed), and over-the-counter medicines for symptom relief."
What are the symptoms of stress?,"Irritability, fatigue, headaches, trouble sleeping, muscle tension, digestive issues."
What is malaria?,"A mosquito-borne disease caused by Plasmodium parasites, characterized by fever, chills, and flu-like symptoms."
How to manage high blood pressure?,"Healthy diet (low sodium), regular exercise, stress management, and medication if needed."
What exercises can help in weight loss?,"Aerobic exercises like walking, running, cycling, and swimming, plus strength training."
What is the normal body temperature?,"Around 98.6°F (37°C), but can range from 97°F to 99°F (36.1°C to 37.2°C)."
How to make an appointment with a doctor?,Contact the doctor's office or use an online appointment scheduling system.
How can I prevent a cold?,"Frequent handwashing, staying hydrated, avoiding close contact with sick people, and maintaining a healthy lifestyle."
What are the symptoms of COVID-19?,"Fever, cough, shortness of breath, fatigue, loss of taste or smell, sore throat, body aches."
What is hypertension?,"High blood pressure, where the force of blood against the artery walls is too high."
How to manage anxiety?,"Techniques such as deep breathing, meditation, cognitive behavioral therapy, and sometimes medication."
What are the benefits of yoga?,"Improved flexibility, strength, stress reduction, enhanced mental clarity, and better overall health."
What are the common symptoms of asthma?,"Shortness of breath, wheezing, chest tightness, and coughing, especially at night or early morning."
What is cancer?,"A group of diseases where abnormal cells divide without control, often forming tumors."
What is a balanced diet?,"A diet containing a variety of nutrients from fruits, vegetables, whole grains, lean proteins, and healthy fats."
How to manage cholesterol levels?,"Eating a low-sodium diet, regular physical activity, avoiding smoking, and managing stress levels."
What are the symptoms of a heart attack?,"Chest pain, shortness of breath, sweating, nausea, and pain radiating to the arm or jaw."
What is a stroke?,A sudden loss of brain function due to a blocked or burst blood vessel in the brain.
How to get rid of a headache?,"Rest, over-the-counter pain relievers, and avoiding loud noises or bright lights."
What is the normal blood pressure range?,"120/80 mmHg is considered normal, while higher values indicate hypertension."
What is the treatment for depression?,"Antidepressant medications, therapy, and lifestyle changes like exercise, diet, and sleep management."
How often should I exercise?,"Regular exercise, a balanced diet, hydration, and sleep."
What is a vaccination?,A vaccination is a biological preparation that provides immunity to a specific disease.
How to avoid food allergies?,"Avoiding known allergens, reading food labels, and managing reactions through medication or lifestyle changes."
What are the symptoms of tuberculosis?,"Persistent cough, fever, weight loss, night sweats, and fatigue."
What is obesity?,Excessive body fat accumulation that can lead to health problems such as heart disease and diabetes.
What is the role of protein in diet?,"Protein helps build and repair tissues, support immune function, and is a major component of enzymes and hormones."
What is the treatment for diabetes?,"Insulin, oral medications, a balanced diet, and regular exercise can manage blood sugar levels."
How to improve digestion?,"Consuming fiber-rich foods, drinking plenty of water, eating smaller meals, and exercising regularly."
What are the symptoms of high blood sugar?,"Increased thirst, frequent urination, blurred vision, fatigue, and headaches."
What is an ambulance service?,"Ambulances can be reached by calling emergency services, and some regions offer online booking systems."
How to book an ambulance?,"Bed availability refers to the number of hospital beds open for new patients, which can be checked by calling hospitals or through online services."
What is bed availability?,"Smoking increases the risk of heart disease, lung cancer, respiratory issues, and many other health problems."
How to know if a hospital has available beds?,"Viruses are smaller and require living host cells to reproduce, while bacteria can live independently."
What are the risks of smoking?,"Lower blood sugar through a healthy diet, regular physical activity, and medications as prescribed by a doctor."
What is the difference between a virus and bacteria?,"Rest, hydration, antiviral medications (if applicable), and symptom management for relief."
How do I lower my blood sugar levels?,"Manage stress, practice self-care, seek therapy if needed, and engage in physical activity to improve mental health."
What is the treatment for flu?,"Avoid sugary foods, prioritize whole foods, and focus on protein and healthy fats for better weight management."
What are the symptoms of stress?,"Drink plenty of water, get enough sleep, reduce stress, and engage in physical activity."
How to get a doctor's prescription?,Physical therapy uses targeted exercises and treatments to reduce pain and improve movement.
How do I make an online appointment?,Consult a healthcare provider if symptoms indicate a need for further testing or a blood test.
How can I check my cholesterol?,"Drink water, eat water-rich foods, avoid excessive caffeine or alcohol, and stay mindful of hydration."
What is the significance of vitamin C?,"Cardiovascular exercises like walking, jogging, cycling, and swimming improve heart health."
How to improve mental health?,"Persistent cough, chest pain, shortness of breath, and fever are common pneumonia symptoms."
What foods should I avoid for weight loss?,A physical check-up involves a comprehensive health assessment conducted by a healthcare provider to detect potential health issues.
How to strengthen the immune system?,"Regular health check-ups can catch potential health issues early, improving treatment outcomes and maintaining overall health."
What is physical therapy?,"Practice good sleep hygiene, manage stress, reduce caffeine intake, and maintain a consistent sleep schedule."
How to know if I need a blood test?,"Blood tests are needed if you have unexplained symptoms, risk factors, or need to monitor certain health conditions."
What is the importance of hydration?,"Hydration is vital for body function, temperature regulation, digestion, and overall health."
What exercises are best for cardiovascular health?,"Aerobic exercises like running, cycling, swimming, and walking are best for heart health."
What are the symptoms of pneumonia?,"Pneumonia symptoms include cough, fever, chest pain, fatigue, shortness of breath, and confusion."
What is a physical check-up?,"A physical check-up involves assessing overall health, vital signs, and lab tests if necessary."
What are the benefits of regular health check-ups?,"Regular check-ups help detect health issues early, provide preventive care, and monitor existing conditions."
How to improve my sleep quality?,"Improve sleep quality by maintaining a schedule, reducing screen time, and managing stress."
What is osteoarthritis?,"Osteoarthritis is a joint disease causing pain, swelling, and stiffness due to cartilage breakdown."
How can I treat a sore throat?,"Treat a sore throat with hydration, warm salt water gargles, lozenges, and over-the-counter pain relievers."
What is hyperthyroidism?,"Hyperthyroidism is an overactive thyroid, leading to weight loss, rapid heartbeat, and anxiety."
What are the symptoms of hypothyroidism?,"Hypothyroidism symptoms include fatigue, weight gain, cold intolerance, and dry skin."
What are the types of diabetes?,"Types of diabetes: Type 1, Type 2, and gestational diabetes."
What are the effects of excessive alcohol consumption?,"Excessive alcohol consumption can lead to liver damage, heart problems, and addiction."
What is a heart attack?,"A heart attack occurs when blood flow to the heart is blocked, causing chest pain and damage."
What is the difference between a stroke and a heart attack?,"A stroke involves a blockage or bleeding in the brain, while a heart attack affects the heart."
What is arthritis?,"Arthritis is inflammation of the joints, causing pain and stiffness."
How can I improve my posture?,"Improve posture by sitting up straight, strengthening core muscles, and avoiding slouching."
How do I stop smoking?,"To stop smoking, consider support groups, medications, and gradual reduction."
What is a CT scan?,A CT scan provides detailed cross-sectional images of the body using X-rays.
What is an MRI?,An MRI uses magnetic fields to create detailed images of internal organs and tissues.
How to handle allergies?,Handle allergies by avoiding triggers and using antihistamines or allergy shots.
What is a skin rash?,"A skin rash can be caused by irritation, infections, or allergic reactions."
What are the symptoms of kidney disease?,"Kidney disease symptoms include swelling, fatigue, and changes in urine."
What is a hernia?,A hernia is a bulging of tissue through an opening in the muscle or surrounding tissue.
How can I boost my immune system naturally?,"Boost your immune system with a balanced diet, regular exercise, and proper sleep."
What is a blood transfusion?,A blood transfusion is the process of receiving blood from a donor to replace lost blood.
What is a vaccine?,A vaccine stimulates the immune system to protect against specific diseases.
What is a blood test for cancer markers?,A blood test for cancer markers detects substances linked to certain cancers.
What is the role of exercise in mental health?,"Exercise improves mental health by reducing stress, anxiety, and depression."
What is insomnia?,Insomnia is difficulty falling or staying asleep.
What are the symptoms of gallstones?,"Gallstone symptoms include severe abdominal pain, nausea, and vomiting."
How can I manage my blood pressure without medication?,"Manage blood pressure by reducing salt intake, exercising, and managing stress."
What is a colonoscopy?,A colonoscopy examines the colon for signs of abnormalities or cancer.
How to improve your bone health?,"Improve bone health with calcium, vitamin D, weight-bearing exercises, and avoiding smoking."
What are the side effects of vaccines?,"Side effects of vaccines can include mild fever, pain at the injection site, or fatigue."
What is post-traumatic stress disorder (PTSD)?,"PTSD is a mental health disorder triggered by traumatic events, causing flashbacks and anxiety."
What is the treatment for anxiety?,"Treatment for anxiety may include therapy, medications, and relaxation techniques."
What is a skin biopsy?,A skin biopsy removes a small sample of skin to test for diseases like cancer.
What is an ECG?,An ECG records the heart's electrical activity to detect heart problems.
What are the early signs of Alzheimer's disease?,"Early signs of Alzheimer's include memory loss, confusion, and difficulty completing tasks."
What are the symptoms of the common cold?,"Common cold symptoms include runny nose, sore throat, cough, and congestion."
How to treat a fever?,"Treat a fever with hydration, rest, and fever-reducing medications."
What is the role of iron in the body?,Iron is essential for producing red blood cells and transporting oxygen.
How to treat indigestion?,"Treat indigestion with antacids, dietary changes, and smaller meals."
What is depression?,"Depression involves persistent sadness, loss of interest, and difficulty concentrating."
What are the symptoms of meningitis?,"Meningitis symptoms include fever, headache, stiff neck, and sensitivity to light."
What are the symptoms of appendicitis?,"Appendicitis symptoms include severe abdominal pain, nausea, and vomiting."
How to prevent stroke?,"Prevent strokes by managing blood pressure, avoiding smoking, and exercising regularly."
What is a urinary tract infection (UTI)?,"A urinary tract infection (UTI) causes painful urination, frequent urge to urinate, and cloudy urine."
What is the treatment for kidney stones?,"Kidney stones treatment includes drinking fluids, pain relievers, and sometimes surgery."
What is an abdominal ultrasound?,An abdominal ultrasound uses sound waves to create images of internal organs in the abdomen.
What is a blood sugar test?,A blood sugar test measures glucose levels in the blood to diagnose diabetes or monitor control.
What is breast cancer?,"Breast cancer is a malignant tumor in the breast tissue, commonly causing lumps, pain, or changes in appearance."
How can I lower my cholesterol without medication?,"Lower cholesterol with a healthy diet, exercise, and avoiding trans fats."
What is a pap smear?,A pap smear is a screening test for cervical cancer by examining cells from the cervix.
What is an asthma attack?,"An asthma attack causes difficulty breathing, wheezing, and coughing due to airway constriction."
How to prevent dehydration?,"Prevent dehydration by drinking water regularly, especially in hot weather or during physical activity."
What is a seizure?,"A seizure is a sudden, uncontrolled electrical disturbance in the brain, leading to convulsions or loss of consciousness."
What is a bone marrow biopsy?,A bone marrow biopsy removes a small sample of bone marrow to diagnose blood disorders or cancers.
How to improve my gut health?,"Improve gut health with a balanced diet, probiotics, and sufficient fiber."
What is the role of magnesium in the body?,"Magnesium is essential for muscle and nerve function, bone health, and energy production."
How to get rid of acne?,"Get rid of acne with proper skincare, acne treatments, and avoiding squeezing pimples."
What is a mammogram?,A mammogram is an X-ray of the breast used to detect breast cancer.
What are the symptoms of a urinary tract infection (UTI)?,"UTI symptoms include painful urination, frequent urges to urinate, and cloudy or bloody urine."
What are the symptoms of a panic attack?,"Panic attack symptoms include rapid heartbeat, shortness of breath, dizziness, and a sense of impending doom."
How do I treat a cold?,"Treat a cold with rest, fluids, and over-the-counter medications to relieve symptoms."
What is a kidney infection?,"Kidney infection symptoms include fever, back pain, painful urination, and nausea."
How can I avoid heart disease?,"Avoid heart disease by eating a healthy diet, exercising, and managing stress and cholesterol."
What is a stroke test?,A stroke test evaluates risk factors or symptoms of a stroke through medical imaging or physical assessment.
What is a skin cancer screening?,Skin cancer screening checks for unusual moles or skin changes that may indicate cancer.
What is a blood clot?,"A blood clot is a thickened mass of blood, which can block circulation and cause health issues."
What is an epidural?,"An epidural is a form of anesthesia used to block pain in the lower body, often during labor or surgery."
What is a dental check-up?,"A dental check-up involves cleaning, X-rays, and examination of teeth and gums for oral health."
How can I treat a burn?,"Treat a burn by cooling it with water, using burn ointments, and seeking medical help for severe burns."
What is a CAT scan?,A CAT scan (CT scan) is a detailed imaging test using X-rays to create cross-sectional body images.
What is a biopsy?,"A biopsy removes a tissue sample for examination to diagnose diseases, including cancer."
What is a vaccination schedule for children?,The vaccination schedule for children includes vaccines to protect against various infections at different ages.
What are the symptoms of heart disease?,"Symptoms of heart disease include chest pain, shortness of breath, fatigue, and irregular heartbeat."
What is a hernia repair surgery?,A hernia repair surgery involves removing or repositioning a protruding organ through the abdominal wall.
What is the difference between Type 1 and Type 2 diabetes?,"Type 1 diabetes is insulin-dependent, while Type 2 is often managed through lifestyle changes and medications."
What is the treatment for bronchitis?,"Treatment for bronchitis involves rest, fluids, and medications to relieve symptoms and fight infection."
What is the role of fiber in digestion?,Fiber aids digestion by promoting regular bowel movements and healthy gut bacteria.
How to manage depression?,"Manage depression with therapy, medications, exercise, and social support."
What are the signs of vitamin D deficiency?,"Signs of vitamin D deficiency include fatigue, bone pain, and muscle weakness."
How to prevent cancer?,"Prevent cancer by avoiding smoking, reducing sun exposure, eating healthy, and staying active."
How to know if I have anxiety?,"Signs of anxiety include excessive worry, restlessness, and physical symptoms like rapid heartbeat."
What is the treatment for arthritis?,"Arthritis treatment includes medications, physical therapy, and lifestyle changes to manage symptoms."
How to manage menopause symptoms?,"Manage menopause symptoms with hormone replacement therapy, lifestyle changes, and stress reduction techniques."
What is a mammogram used for?,A mammogram detects breast cancer by identifying abnormalities in breast tissue.
What is the treatment for high cholesterol?,"Treatment for high cholesterol includes dietary changes, exercise, and medications."
How to avoid dehydration?,Prevent dehydration by drinking adequate fluids and avoiding excessive heat or alcohol.
What is a normal heart rate?,A normal heart rate for adults ranges from 60 to 100 beats per minute at rest.
How to treat a migraine?,"Treat a migraine with pain relievers, rest, and avoiding triggers such as light or strong odors."
How to improve mental clarity?,"Improve mental clarity with adequate sleep, a balanced diet, exercise, and stress management."
What is the best diet for diabetes management?,"The best diet for diabetes management includes low-carb foods, whole grains, lean proteins, and plenty of vegetables."
How to treat acid reflux?,"Treat acid reflux with antacids, dietary changes, and avoiding triggers like spicy or fatty foods."
What is blood pressure?,"Blood pressure is the force of blood against the walls of arteries, with normal readings around 120/80 mmHg."
How to avoid heart attack risk factors?,"Avoid heart attack risk factors by managing cholesterol, blood pressure, exercising, and avoiding smoking."
What is the treatment for gout?,Gout treatment includes medications to reduce uric acid levels and alleviate pain and inflammation.
How to improve bone density?,"Improve bone density with weight-bearing exercises, calcium, and vitamin D."
What is a lung function test?,"A lung function test measures how well your lungs are working, often using a spirometer."
What are the signs of a stroke?,"Stroke signs include sudden numbness, confusion, trouble speaking, and severe headache."
How to prevent obesity?,"Prevent obesity by eating a balanced diet, exercising regularly, and maintaining a healthy weight."
How to manage osteoarthritis pain?,"Manage osteoarthritis pain with pain relievers, physical therapy, and joint protection techniques."
What are the common symptoms of hypothyroidism?,"Common symptoms of hypothyroidism include fatigue, weight gain, and sensitivity to cold."
What is a liver function test?,A liver function test checks the health of your liver by measuring enzyme levels and other substances.
How to prevent kidney disease?,"Prevent kidney disease by staying hydrated, controlling blood pressure, and avoiding smoking."
What is the role of antioxidants in health?,Antioxidants protect cells from damage caused by free radicals and support overall health.
What are the benefits of meditation?,"Benefits of meditation include reduced stress, improved focus, and emotional well-being."
What is a lung biopsy?,A lung biopsy removes a tissue sample from the lungs for analysis to detect diseases like cancer.
How to handle insomnia?,"Handle insomnia by establishing a regular sleep routine, avoiding caffeine, and practicing relaxation techniques."
How to improve focus?,"Improve focus by minimizing distractions, staying organized, taking regular breaks, and practicing mindfulness."
How to get rid of muscle pain?,"Get rid of muscle pain with rest, ice or heat therapy, stretching, and over-the-counter pain relievers."
What is Parkinson's disease?,"Parkinson's disease is a neurodegenerative disorder that causes tremors, stiffness, and slow movement."
What are the effects of sleep deprivation?,"Sleep deprivation can lead to fatigue, poor concentration, mood swings, and weakened immune function."
How to manage panic attacks?,"Manage panic attacks with breathing exercises, relaxation techniques, and cognitive behavioral therapy (CBT)."
What is a blood oxygen test?,"A blood oxygen test measures the level of oxygen in your blood, often using a pulse oximeter."
How to improve heart health?,"Improve heart health with regular exercise, a balanced diet, quitting smoking, and managing stress."
What is the treatment for eczema?,"Eczema treatment includes moisturizing, avoiding triggers, and using topical corticosteroids or other prescribed creams."
How to treat constipation?,"Treat constipation with increased fiber intake, hydration, and over-the-counter laxatives if needed."
What is a diabetic foot ulcer?,A diabetic foot ulcer is an open wound or infection in the feet of people with diabetes.
How to prevent dehydration in children?,"Prevent dehydration in children by ensuring they drink enough water, especially during physical activity or hot weather."
What is a hernia diagnosis?,"A hernia diagnosis is made through physical exams, imaging tests, or surgery if necessary."
How to prevent heatstroke?,"Prevent heatstroke by staying hydrated, avoiding extreme heat, and wearing lightweight, breathable clothing."
What are the symptoms of food poisoning?,"Symptoms of food poisoning include nausea, vomiting, diarrhea, abdominal pain, and fever."
What is an allergy test?,"An allergy test identifies substances triggering allergic reactions, often using skin prick tests or blood tests."
What is a vaccine for the flu?,A flu vaccine helps protect against seasonal influenza by stimulating immunity.
What is a blood test for HIV?,A blood test for HIV checks for the presence of HIV antibodies or the virus in the blood.
How to treat high cholesterol naturally?,"Treat high cholesterol naturally with a heart-healthy diet, regular exercise, and weight management."
How to prevent cardiovascular diseases?,"Prevent cardiovascular diseases by eating a balanced diet, exercising, quitting smoking, and managing stress."
What are the symptoms of fibromyalgia?,"Symptoms of fibromyalgia include widespread pain, fatigue, sleep disturbances, and memory problems."
What is a mental health disorder?,"A mental health disorder is a condition that affects mood, thinking, and behavior, such as depression or anxiety."
How to manage stress effectively?,"Manage stress effectively through relaxation techniques, physical activity, time management, and social support."
How to treat acne scars?,"Treat acne scars with topical treatments like retinoids, chemical peels, or laser therapy."
What are the symptoms of a stroke in women?,"Stroke symptoms in women may include headaches, nausea, chest pain, and difficulty breathing in addition to common stroke signs."
How to control blood sugar without insulin?,"Control blood sugar without insulin through a healthy diet, regular exercise, and weight management."
What are the types of headaches?,"Types of headaches include tension headaches, migraines, and cluster headaches."
What is a stomach ulcer?,"A stomach ulcer is a sore in the stomach lining, often causing pain, nausea, and bloating."
How to handle anxiety attacks?,"Handle anxiety attacks with deep breathing, relaxation techniques, and seeking professional support if necessary."
What is the treatment for asthma?,"Asthma treatment includes using inhalers (bronchodilators and steroids), avoiding triggers, and monitoring symptoms."
How to avoid blood clots?,"Avoid blood clots by staying active, wearing compression stockings, and following medical advice after surgery."
What is the treatment for sleep apnea?,"Treat sleep apnea with lifestyle changes, CPAP therapy, or surgery, depending on severity."
What is a heart rate monitor?,A heart rate monitor tracks your heart rate during exercise or daily activities to assess cardiovascular health.
What is the best exercise for back pain?,"The best exercise for back pain includes low-impact activities like swimming, walking, or specific back-strengthening exercises."
How to manage weight loss with a busy schedule?,"Manage weight loss with a busy schedule by planning meals, staying active, and focusing on portion control."
What is the best diet for high blood pressure?,"The best diet for high blood pressure includes low-sodium foods, fruits, vegetables, whole grains, and lean proteins."
What is a blood pressure monitor?,A blood pressure monitor measures blood pressure at home using a cuff and digital or manual gauge.
How to reduce belly fat?,"Reduce belly fat with regular exercise, a balanced diet, and reducing stress and refined sugar intake."
How to prevent breast cancer?,"Prevent breast cancer by maintaining a healthy weight, exercising, and minimizing alcohol intake."
What is a urine test for infection?,"A urine test for infection checks for bacteria, blood, or other signs of infection in the urinary tract."
How to manage cholesterol levels naturally?,"Manage cholesterol levels naturally through diet changes, regular physical activity, and maintaining a healthy weight."
What dietary changes can help lower cholesterol?,"Increase intake of fruits, vegetables, whole grains, and healthy fats like those from nuts, seeds, and fish. Avoid trans fats and limit saturated fats and cholesterol-rich foods."
How can regular physical activity help manage cholesterol?,Engaging in at least 30 minutes of moderate exercise daily helps raise good cholesterol (HDL) and lower bad cholesterol (LDL).
What role does weight management play in cholesterol control?,Maintaining a healthy weight reduces LDL cholesterol and triglycerides while improving HDL cholesterol levels.
How can I register for the health portal?,"Visit the portal homepage, click on the 'Register' button, and fill in the required details like name, email, and password to create an account."
How do I log in to the portal?,Enter your registered email and password on the login page to access your account.
How do I book a doctor’s appointment?,"Log in to the portal, navigate to the 'Appointments' section, select a doctor and date, and confirm your booking."
Can I reschedule an appointment?,"Yes, go to the 'Appointments' section, select your existing appointment, and choose the 'Reschedule' option to pick a new date and time."
How do I check hospital bed availability?,Use the 'Bed Availability' section on the portal to view the current status of available beds in your preferred hospital.
Can I book a hospital bed online?,"Yes, select an available bed in the 'Bed Availability' section and complete the booking process."
How can I generate medical reports on the portal?,"Upload necessary test results or input data into the 'Reports' section, and the portal will generate a detailed report for you."
Are the generated reports secure?,"Yes, all reports are encrypted and accessible only through your secure login."
How does the AI-based disease prediction work?,"Enter your symptoms in the 'Disease Prediction' section, and the AI/ML model analyzes the data to provide a probable diagnosis and next steps."
Are the predictions reliable?,"The predictions are based on trained medical datasets and provide accurate results, but they should always be validated by a healthcare professional."
How can I find available blood groups?,Use the 'Blood Bank' section to search for the required blood group and its availability in nearby hospitals.
Can I donate blood through the portal?,"Yes, register as a donor in the 'Blood Bank' section, and you will be notified of donation opportunities."
How do I order medicines online?,"Navigate to the 'Pharmacy' section, search for your required medicines, add them to the cart, and complete the purchase process."
Can I upload prescriptions for medicine orders?,"Yes, you can upload your doctor’s prescription in the 'Pharmacy' section to ensure correct medicines are delivered."
How can I book a lab test?,"Go to the 'Pathology' section, select the required test, choose a lab, and book your preferred date and time."
Can I view my test results on the portal?,"Yes, test results will be uploaded in the 'Pathology' section once available, and you will be notified."
Hii?,Welcome to Digital Health Hub! What may I help you?
What is your name?,My name is Digital HealthCare Bot I am your healthcare assistant
How many old you are?,I have no age limits.
What is your work?,I provide health assistance.
What is meaning of healthcare?,"Healthcare is nothing but caring ourseleves and give a proper treatment as per need. And maintain the physical, emotional and mental health."
Hello?,Hii.
